,name,lat,lng,address,genre,zipcode
0,Budget Travel,40.75422375287519,-73.98849346265581,499 Fashion Ave Fl 18,Offices,10001
1,Tzell Travel Group,40.7541834,-73.9860791,​119 W 40th​ St,Travel Agencies,10001
2,Liberty Travel,40.74385186454906,-73.99194718513888,743 Avenue of the Americas,Travel Agencies,10001
3,247 Get Travel,40.74898985,-73.98481567,1 West 34th Street,Travel Agencies,10001
4,Travel Agency,40.750594,-73.998808,224 W 30th St,NA,10001
5,"Envision Travel Group, Inc.",40.7512148,-73.9922255,"1 Pennsylvania Plaza, Suite 3600",Travel Agencies,10001
6,Signature Travel Network,40.751976237284666,-73.99213082916484,"1 Penn Plz, Fl 24",General Travel,10001
7,Imperial Travel,40.74993919022358,-73.99253368377686,NA,Moving Targets,10001
8,Highlight Travel,40.751865,-73.991707,225 W 34th St,Travel Agencies,10001
9,NYSKY Travel,40.754913216520784,-73.99401426315308,357 W 37th St,Travel Agencies,10001
10,IACE Travel,40.753999,-73.992402,535 8th Ave Fl 8,Travel Agencies,10001
11,Intergalactic Travel Bureau,40.753868103027344,-73.99181365966797,266 W 37th St,Performing Arts Venues,10001
12,JG Black Book of Travel,40.7481323563458,-73.9933656857796,350 7th Ave Rm 1104,General Travel,10001
13,GotoBus.com by Eastern Travel,40.75032,-73.990999,7 Avenue A,Bus Stops,10001
14,HotelsPro Travel Wholesaler,40.755314,-73.993501,330 W 38th St,Offices,10001
15,The New Steele Luxury Travel VIP Lounge,40.74726867675781,-73.99613952636719,250 W 27th St,Travel Lounges,10001
16,RMP Travel,40.7545855,-73.99193860000003,555 8th Ave,Business Services,10001
17,Michele Travels,40.749759674072266,-73.9869613647461,45 W 34th St,General Travel,10001
18,USA Royalty Travel INC,40.7514486,-73.9891093,147 W 35th St #506,Travel Agencies,10001
19,Steele Luxury Travel Centurion Lounge,40.747864047577174,-74.0016800760855,555 W 23rd St,NA,10001
20,Chanteclair Travel,40.75197110866619,-73.98903608322144,152 W 36th St Rm 805,General Travel,10001
21,Northstar Travel Media,40.74887553584595,-73.98989828201249,116 W 32nd St,Offices,10001
22,Travel Savvy,40.751095,-73.988803,147 W 35th St,Offices,10001
23,travel clinic of new york city,40.745843,-73.994822,200 W 26th St,Doctor's Offices,10001
24,Titan Travel - Travel Company New York | Travel Deals USA,40.75125503540039,-73.98861694335938,"131 West 35th St, 8th Fl, New York, NY 10001",Travel Agencies,10001
25,Shermans Travel HQ,40.749814290676305,-73.98886593487453,112 W 34th St,Tech Startups,10001
26,Business World Travel,40.75351532515499,-73.98873567581177,262 W 38th St Rm 1001,Travel Agencies,10001
27,Mpr Travel,40.74862,-73.988524,1270 Broadway,General Travel,10001
28,Travel Auto Bag,40.75782,-73.99333,264 W 40th St,NA,10001
29,New World Travel,40.75831029512206,-73.99622440338135,1040 Avenue of American,Tourist Information Centers,10001
30,Olympia Tours and Travel,40.74844365858246,-73.98826360702515,1270 Broadway Rm 302,Travel Agencies,10001
31,Vip Travel Club,40.75803226004038,-73.9997737385329,NA,General Travel,10001
32,World Trade Travel,40.74789810180664,-73.98839569091797,1261 Broadway Rm 815,Travel Agencies,10001
33,Broadway Travel,40.748458,-73.987757,1245 Broadway,NA,10001
34,The Life In Motion Travel,40.743950578964345,-73.9957577626411,122 W 26th St,Travel Agencies,10001
35,Travel Universally,40.751041412353516,-73.9856185913086,48 W 37th St,General Travel,10001
36,Travel Leaders Technology,40.753943,-73.98601,119 W 40th St,Buildings,10001
37,Alpha International Travel,40.75402069091797,-73.98590087890625,119 W 40th St Fl 12,Travel Agencies,10001
38,New World Travel,40.753027572777626,-73.9854870120816,NA,Offices,10001
39,American Express Global Business Travel,40.75594082420385,-73.98663291000051,7 Times Sq,Offices,10001
40,Euro lloyd travel group,40.75223517022994,-73.9849800600919,57 38st,Offices,10001
41,Picasso Travel,40.75125254006028,-73.984957103743,989 6thAve,Travel Agencies,10001
42,Ensemble Travel Group HQ,40.75048236883272,-73.98484232195737,29 W 36th St,NA,10001
43,Inspo Travel,40.7551234,-73.9854633,"130 West 42nd St, Suite 401",NA,10001
44,Delgado Travel,40.751902,-73.98442299999999,35 W 38th St,Transportation Services,10001
45,Downtown Travel,40.749406,-73.984737,3 W 35th St,General Travel,10001
46,Chubit Travel,40.745846,-73.986938,26 Broadway Fl 8,General Travel,10001
47,H & S Travel & Tours,40.75252151489258,-73.98426055908203,37 W 39th St Rm 1003,General Travel,10001
48,Women of Assurance Faith Based Cruise and Travel Unlimited,40.74587516706305,-73.9865255355835,244 5th Ave Ste C243,General Travel,10001
49,Help U Travel,40.747946999999996,-73.98450600000001,347 5th Ave Rm 1212A,Offices,10001
50,Edwin Travel,40.721126556396484,-73.98908233642578,166 Allen St,General Travel,10002
51,Double Happiness Travel,40.713706970214844,-73.99171447753906,133 E Broadway,Bus Stations,10002
52,United Bus and Travel,40.713706970214844,-73.99171447753906,133 E Broadway,Bus Stations,10002
53,Travel to Morocco,40.719520568847656,-73.98976135253906,121 Orchard St,Travel Lounges,10002
54,Great Wall Travel Inc.,40.714379,-73.99079300000001,143 Division St,Bus Lines,10002
55,Eastern Travel,40.7157326045429,-73.99213555298023,28 Allen St,Bus Lines,10002
56,Hester Travel Inc.,40.717166,-73.992283,86 Eldridge St,Travel Agencies,10002
57,Tiger Travel Inc,40.71484502883637,-73.99225134546131,59 Canal St,Bus Stations,10002
58,Focus Travel Agency,40.71399132576555,-73.99248384288157,120 E Broadway,Bus Stations,10002
59,Tennessee Travel,40.713355,-73.992144,19 Pike St,Bus Stations,10002
60,Ocean Travel,40.714683,-73.993133,3 Allen St,Bus Stations,10002
61,20 Clinton St Travel Agency,40.723053308010705,-73.98409049956547,20 Clinton St,Offices,10002
62,ABC us travel & tour,40.716918,-73.994721,69 Chrystie St,Bus Lines,10002
63,Oriental Pearl Travel,40.71615665406046,-73.99488546845112,47 Chrystie St,Bus Stations,10002
64,General BUS Inc. Oriental Pearl travel,40.71627426147461,-73.99507904052734,47 Chrystie St,Bus Stations,10002
65,Sarah's Travel Inc.,40.71399688720703,-73.99533081054688,45 Division St #3FL,Tourist Information Centers,10002
66,Happy Travel Inc,40.713631,-73.995304,56 E Broadway,Travel Agencies,10002
67,E-World Travel & Tours Inc.,40.715680336619954,-73.99676804335193,48 Bowery  Street 2/F,General Travel,10002
68,Great Wall Travel,40.71206099797075,-73.99578988552094,94 Madison St,Travel Agencies,10002
69,Francine's Travel,40.72005287123635,-73.99706619648265,93 Van Buren St,General Travel,10002
70,L&L Tour,40.717332,-73.995017,97 Bowery,Offices,10002
71,NexTravel,40.72341616386662,-73.99287114236125,270 Bowery Fl 2,Tech Startups,10002
72,The Agoraphobic Traveller,40.722015380859375,-73.99578094482422,39 Spring St,Art Galleries,10002
73,Ovation Corporate Travel,40.73645396074502,-73.99288810937198,71 5th Ave,Offices,10003
74,Judy Perl Worldwide Travel,40.72640481075531,-73.99574808996799,636 Broadway,Travel Agencies,10003
75,Liberty Travel,40.731296,-73.99343499999999,55A East 8th St,Travel Agencies,10003
76,WHOA Travel,40.733402,-73.992484,NA,Other Great Outdoors,10003
77,Urban Sherpa Travel,40.734279,-73.9902571,52 E 14th St,Bus Stations,10003
78,Blink Travel,40.729056,-73.993305,722 Broadway,Airport Services,10003
79,Sta Travel,40.72912134129299,-73.99373196806589,722 Broadway,General Travel,10003
80,Travel Channel NYC,40.73637879324434,-73.99207810325258,18 E 16th St,Offices,10003
81,Madison House Travel,40.72993,-73.996806,628 Broadway,NA,10003
82,Bespoke-Cct Travel,40.737008,-73.990536,41 Union Sq W,Travel Agencies,10003
83,Hudson Sutler Travel Lounge,40.737245,-73.989987,862 Broadway,Offices,10003
84,Travel Anxiety,40.727591,-73.983458,NA,NA,10003
85,Kristal Travel,40.737446000000006,-73.99215600000001,89 5th Ave Ste 303,Offices,10003
86,Prideworld Travel,40.737679,-73.988249,NA,NA,10003
87,Travel Money USA Union Square,40.73667907714844,-73.99482727050781,25 W 14th St,Financial or Legal Services,10003
88,RA Travel,40.737068,-73.995423,39 W 14th St,General Travel,10003
89,20 Clinton St Travel Agency,40.723053308010705,-73.98409049956547,20 Clinton St,Offices,10003
90,Middle Earth Travel,40.73797399533674,-73.98079633712769,NA,Miscellaneous Shops,10003
91,Travelers Medical Center,40.73188744871435,-73.99957400303893,NA,Medical Centers,10003
92,NexTravel,40.72341616386662,-73.99287114236125,270 Bowery Fl 2,Tech Startups,10003
93,Lawrence's traveling circus,40.73703384399414,-73.98157501220703,NA,General Travel,10003
94,Lucas Stoffel Travel Influencer,40.7035612,-74.0101793,42 Water St,Photography Studios,10004
95,Travel Ad Network,40.70507875,-74.01100257499999,55 Broad St,Offices,10004
96,empire travel agency,40.704379,-74.009012,10 Hanover Sq,Transportation Services,10004
97,Bob Batter Travel Agency,40.7061882019043,-74.00999450683594,45 Wall St,Miscellaneous Shops,10004
98,Virtual Travel,40.706792,-74.010921,NA,Resorts,10004
99,Complete Travel Visa Center,40.708548,-74.014712,40 Rector St Rm 1502,Travel Agencies,10004
100,Travel Agency,40.70657228240375,-74.01027628647813,NA,Offices,10004
101,Royalty Travel,40.707631,-74.007472,75 Maiden Ln Rm 803,General Travel,10004
102,TravelPaperplane.com,40.70243964288751,-74.01476383209229,NA,General Travel,10004
103,Travelex Currency Services,40.706153,-74.013588,29 Broadway,Currency Exchanges,10004
104,Travelnista On The Move LLC.,40.704281,-74.0082994,165 Broadway 23rd Floor,Business Services,10004
105,ShermansTravel,40.7053042766687,-74.00942988103468,5 Hanover Sq,Offices,10004
106,Traveling NYC Style,40.70509519531675,-74.00759233663848,99 Wall St,Tour Providers,10004
107,TravelSquire.com Offices,40.70838313762132,-74.01037957637672,15 Maiden Ln,General Travel,10004
108,Veteran Traveller University,40.707287092735534,-74.00270462036133,New York,College Quads,10004
109,Veteran Traveller Hospital,40.70823051511181,-74.00193214416504,New York,Medical Centers,10004
110,Bob Batter Travel Agency,40.7061882019043,-74.00999450683594,45 Wall St,Miscellaneous Shops,10005
111,Travel Agency,40.70657228240375,-74.01027628647813,NA,Offices,10005
112,Royalty Travel,40.707631,-74.007472,75 Maiden Ln Rm 803,General Travel,10005
113,empire travel agency,40.704379,-74.009012,10 Hanover Sq,Transportation Services,10005
114,Virtual Travel,40.706792,-74.010921,NA,Resorts,10005
115,Travel Ad Network,40.70507875,-74.01100257499999,55 Broad St,Offices,10005
116,Lucas Stoffel Travel Influencer,40.7035612,-74.0101793,42 Water St,Photography Studios,10005
117,ShermansTravel,40.7053042766687,-74.00942988103468,5 Hanover Sq,Offices,10005
118,Traveling NYC Style,40.70509519531675,-74.00759233663848,99 Wall St,Tour Providers,10005
119,Travelnista On The Move LLC.,40.704281,-74.0082994,165 Broadway 23rd Floor,Business Services,10005
120,TravelSquire.com Offices,40.70838313762132,-74.01037957637672,15 Maiden Ln,General Travel,10005
121,American Express Travel Services,40.713352888300584,-74.01585352352586,200 Vesey St,Offices,10006
122,Complete Travel Visa Center,40.708548,-74.014712,40 Rector St Rm 1502,Travel Agencies,10006
123,Virtual Travel,40.706792,-74.010921,NA,Resorts,10006
124,Travel Agency,40.70657228240375,-74.01027628647813,NA,Offices,10006
125,Bob Batter Travel Agency,40.7061882019043,-74.00999450683594,45 Wall St,Miscellaneous Shops,10006
126,Condé Nast Traveler,40.71200407096382,-74.01300430297852,1 World Trade Ctr,Offices,10006
127,TravelSquire.com Offices,40.70838313762132,-74.01037957637672,15 Maiden Ln,General Travel,10006
128,Travelex Currency Services,40.706153,-74.013588,29 Broadway,Currency Exchanges,10006
129,Travel Squire,40.71017424838853,-74.00970250368118,15 Maiden Ln Ste 1001,Hostels,10007
130,Travelex Currency Services,40.712154388427734,-74.00981903076172,30 Vesey St,Currency Exchanges,10007
131,Condé Nast Traveler,40.71200407096382,-74.01300430297852,1 World Trade Ctr,Offices,10007
132,Jade Travels Suite 308,40.71126772118718,-74.00146774824516,NA,Doctor's Offices,10007
133,Travel Anxiety,40.727591,-73.983458,NA,NA,10009
134,Travel by Land,40.72903060913086,-73.97628021240234,635 E 14th St,Salons / Barbershops,10009
135,20 Clinton St Travel Agency,40.723053308010705,-73.98409049956547,20 Clinton St,Offices,10009
136,"Allen Batista Travel, Inc.",40.73553517254343,-73.97526025772095,E. 23rd Street and FDR,Harbors / Marinas,10010
137,Ovation Corporate Travel,40.73645396074502,-73.99288810937198,71 5th Ave,Offices,10010
138,Liberty Travel,40.74385186454906,-73.99194718513888,743 Avenue of the Americas,Travel Agencies,10010
139,Middle Earth Travel,40.73797399533674,-73.98079633712769,NA,Miscellaneous Shops,10010
140,world travel,40.74083709716797,-73.98348999023438,61 Lexington Ave,Tourist Information Centers,10010
141,Puerto Rico @ Travel + Leisure Global Bazaar,40.741407797590284,-73.98425119467512,Lexington Armory,Tourist Information Centers,10010
142,"Travel Planners, Inc.",40.742349,-73.9842,381 Park Ave S,Offices,10010
143,Prideworld Travel,40.737679,-73.988249,NA,NA,10010
144,NESTER TRAVEL INC,40.74243485872075,-73.98650407791138,41 Madison Ave Fl 31,Taxis,10010
145,Hudson Sutler Travel Lounge,40.737245,-73.989987,862 Broadway,Offices,10010
146,Bespoke-Cct Travel,40.737008,-73.990536,41 Union Sq W,Travel Agencies,10010
147,Kristal Travel,40.737446000000006,-73.99215600000001,89 5th Ave Ste 303,Offices,10010
148,Urban Sherpa Travel,40.734279,-73.9902571,52 E 14th St,Bus Stations,10010
149,Travel Channel NYC,40.73637879324434,-73.99207810325258,18 E 16th St,Offices,10010
150,WHOA Travel,40.733402,-73.992484,NA,Other Great Outdoors,10010
151,Robertas Mobile Oven,40.74254861621815,-73.98899737888202,On the move,NA,10010
152,Lawrence's traveling circus,40.73703384399414,-73.98157501220703,NA,General Travel,10010
153,Liberty Travel,40.74385186454906,-73.99194718513888,743 Avenue of the Americas,Travel Agencies,10011
154,Ovation Corporate Travel,40.73645396074502,-73.99288810937198,71 5th Ave,Offices,10011
155,Strive Trips - Service Travel for Student Athletes,40.741737365722656,-73.99888610839844,217 W 18th St,Tour Providers,10011
156,Steele Luxury Travel Centurion Lounge,40.747864047577174,-74.0016800760855,555 W 23rd St,NA,10011
157,The Life In Motion Travel,40.743950578964345,-73.9957577626411,122 W 26th St,Travel Agencies,10011
158,Embark Travel,40.741207122802734,-73.9958267211914,133 W 19th St Fl 5,Travel Agencies,10011
159,The New Steele Luxury Travel VIP Lounge,40.74726867675781,-73.99613952636719,250 W 27th St,Travel Lounges,10011
160,travel clinic of new york city,40.745843,-73.994822,200 W 26th St,Doctor's Offices,10011
161,Travel Agency,40.750594,-73.998808,224 W 30th St,NA,10011
162,JG Black Book of Travel,40.7481323563458,-73.9933656857796,350 7th Ave Rm 1104,General Travel,10011
163,RA Travel,40.737068,-73.995423,39 W 14th St,General Travel,10011
164,Travel Money USA Union Square,40.73667907714844,-73.99482727050781,25 W 14th St,Financial or Legal Services,10011
165,Imperial Travel,40.74993919022358,-73.99253368377686,NA,Moving Targets,10011
166,Kristal Travel,40.737446000000006,-73.99215600000001,89 5th Ave Ste 303,Offices,10011
167,"Envision Travel Group, Inc.",40.7512148,-73.9922255,"1 Pennsylvania Plaza, Suite 3600",Travel Agencies,10011
168,GotoBus.com by Eastern Travel,40.75032,-73.990999,7 Avenue A,Bus Stops,10011
169,Travel Channel NYC,40.73637879324434,-73.99207810325258,18 E 16th St,Offices,10011
170,Amazing Travel Concierge,40.735184000000004,-74.00928499999999,366 W 11th St,General Travel,10011
171,Signature Travel Network,40.751976237284666,-73.99213082916484,"1 Penn Plz, Fl 24",General Travel,10011
172,Highlight Travel,40.751865,-73.991707,225 W 34th St,Travel Agencies,10011
173,IACE Travel,40.753999,-73.992402,535 8th Ave Fl 8,Travel Agencies,10011
174,Intergalactic Travel Bureau,40.753868103027344,-73.99181365966797,266 W 37th St,Performing Arts Venues,10011
175,NYSKY Travel,40.754913216520784,-73.99401426315308,357 W 37th St,Travel Agencies,10011
176,WHOA Travel,40.733402,-73.992484,NA,Other Great Outdoors,10011
177,RMP Travel,40.7545855,-73.99193860000003,555 8th Ave,Business Services,10011
178,HotelsPro Travel Wholesaler,40.755314,-73.993501,330 W 38th St,Offices,10011
179,Liberty Travel,40.731296,-73.99343499999999,55A East 8th St,Travel Agencies,10011
180,Eastern Bus - 7th Ave and 34th Street,40.75063322617362,-73.9910741737232,340 7th Avenue,Bus Lines,10011
181,Schwartz Luggage Storage NYC,40.754440080925114,-73.99469247492767,357 w 37th St Ground Floor,General Travel,10011
182,ESL Traveler at Embassy CES NYC,40.747779846191406,-73.99336242675781,"328 7th Avenue (28th St), New York, NY",Schools,10011
183,Travelers Parking,40.73421603242992,-74.00191383068847,160 W 10th St,Parking,10011
184,Travelers Medical Center,40.73188744871435,-73.99957400303893,NA,Medical Centers,10011
185,Accomplished Traveler,40.75526415169696,-73.99364852853084,"330 W 38h St, Manhattan, NY 10018",General Travel,10011
186,Judy Perl Worldwide Travel,40.72640481075531,-73.99574808996799,636 Broadway,Travel Agencies,10012
187,Madison House Travel,40.72993,-73.996806,628 Broadway,NA,10012
188,Corporate Express Travel,40.72242903386563,-74.00240421295166,101 Avenue of the Americas Fl 9,Travel Agencies,10012
189,Sta Travel,40.72912134129299,-73.99373196806589,722 Broadway,General Travel,10012
190,Blink Travel,40.729056,-73.993305,722 Broadway,Airport Services,10012
191,Francine's Travel,40.72005287123635,-73.99706619648265,93 Van Buren St,General Travel,10012
192,Turon Travel,40.720982,-74.003636,NA,General Travel,10012
193,Liberty Travel,40.731296,-73.99343499999999,55A East 8th St,Travel Agencies,10012
194,The Agoraphobic Traveller,40.722015380859375,-73.99578094482422,39 Spring St,Art Galleries,10012
195,NexTravel,40.72341616386662,-73.99287114236125,270 Bowery Fl 2,Tech Startups,10012
196,Judy Perl Worldwide Travel,40.72640481075531,-73.99574808996799,636 Broadway,Travel Agencies,10013
197,Turon Travel,40.720982,-74.003636,NA,General Travel,10013
198,Corporate Express Travel,40.72242903386563,-74.00240421295166,101 Avenue of the Americas Fl 9,Travel Agencies,10013
199,Nat Travel And Tours Inc,40.719103999999994,-74.000716,265 Canal St,Travel Agencies,10013
200,Tafari Travel,40.72396574930467,-74.0089162976086,NA,General Travel,10013
201,Francine's Travel,40.72005287123635,-73.99706619648265,93 Van Buren St,General Travel,10013
202,fei yang travel,40.717166999999996,-73.998141,195 Canal St,NA,10013
203,Grand Hong Kong Travel,40.71718,-73.997696,185 Canal St,Travel Agencies,10013
204,E-World Travel & Tours Inc.,40.715680336619954,-73.99676804335193,48 Bowery  Street 2/F,General Travel,10013
205,East Travel Service,40.713595641061744,-73.99837462139024,2 Mott St,General Travel,10013
206,ABC us travel & tour,40.716918,-73.994721,69 Chrystie St,Bus Lines,10013
207,General BUS Inc. Oriental Pearl travel,40.71627426147461,-73.99507904052734,47 Chrystie St,Bus Stations,10013
208,Oriental Pearl Travel,40.71615665406046,-73.99488546845112,47 Chrystie St,Bus Stations,10013
209,Sarah's Travel Inc.,40.71399688720703,-73.99533081054688,45 Division St #3FL,Tourist Information Centers,10013
210,Happy Travel Inc,40.713631,-73.995304,56 E Broadway,Travel Agencies,10013
211,L&L Tour,40.717332,-73.995017,97 Bowery,Offices,10013
212,Best Travelers Choice Angency,40.7184283,-74.01014459999999,345 Greenwich St,Travel Agencies,10013
213,Travelocity NYC,40.72668962513484,-74.0077257156372,325 Hudson St Apt 10,Offices,10013
214,Travelocity.com,40.726861,-74.0076045,325 Hudson St Apt 10,Offices,10013
215,The Agoraphobic Traveller,40.722015380859375,-73.99578094482422,39 Spring St,Art Galleries,10013
216,"Jade Travels Suite 706 David Cheng, D.D.S.",40.71410126049783,-73.99754824880391,NA,Dentist's Offices,10013
217,Amazing Travel Concierge,40.735184000000004,-74.00928499999999,366 W 11th St,General Travel,10014
218,Travelers Parking,40.73421603242992,-74.00191383068847,160 W 10th St,Parking,10014
219,Travelers Medical Center,40.73188744871435,-73.99957400303893,NA,Medical Centers,10014
220,Travelocity.com,40.726861,-74.0076045,325 Hudson St Apt 10,Offices,10014
221,Travelocity NYC,40.72668962513484,-74.0077257156372,325 Hudson St Apt 10,Offices,10014
222,Up And Away Travel,40.746541718592496,-73.98348215257546,347 5th Ave,General Travel,10016
223,American Airlines Midtown Manhattan Travel Center,40.750404357910156,-73.97698211669922,360 Lexington Ave,Travel Agencies,10016
224,247 Get Travel,40.74898985,-73.98481567,1 West 34th Street,Travel Agencies,10016
225,Travel Document Systems,40.7515507,-73.97892209999998,100 Park Ave Ste 1646,General Travel,10016
226,Borello Travel & Tours,40.747005,-73.980519,7 Park Ave Apt 21,General Travel,10016
227,Valerie Wilson Travel,40.74556734004168,-73.98255815016036,605 3rd Ave,Travel Agencies,10016
228,Travel Visa Pro,40.74693298339844,-73.9833755493164,167 Madison Ave,General Travel,10016
229,"Travel Planners, Inc.",40.742349,-73.9842,381 Park Ave S,Offices,10016
230,Help U Travel,40.747946999999996,-73.98450600000001,347 5th Ave Rm 1212A,Offices,10016
231,Fischer Travel Enterprises,40.75026,-73.974405,655 3rd Avenue,Offices,10016
232,world travel,40.74083709716797,-73.98348999023438,61 Lexington Ave,Tourist Information Centers,10016
233,Asahi Travel Group,40.74922698811379,-73.9837484434247,545 5th Ave,Tour Providers,10016
234,Puerto Rico @ Travel + Leisure Global Bazaar,40.741407797590284,-73.98425119467512,Lexington Armory,Tourist Information Centers,10016
235,BCD Travel/Omnicom,40.7498809,-73.9729626,220 E. 42nd St.,Professional & Other Places,10016
236,Classic Travel,40.75110837183047,-73.97962541741396,260 Madison Avenue,Travel Agencies,10016
237,Michele Travels,40.749759674072266,-73.9869613647461,45 W 34th St,General Travel,10016
238,Travel Associates,40.751076,-73.980198,269 Madison Ave,General Travel,10016
239,IACE Travel,40.751172,-73.98029,271 Madison Ave Ste 908,Travel Agencies,10016
240,Travel Clinic NYC,40.751318,-73.980313,274 Madison Ave,Doctor's Offices,10016
241,Delgado Travel,40.750979,-73.981524,14 E 39th St,General Travel,10016
242,Women of Assurance Faith Based Cruise and Travel Unlimited,40.74587516706305,-73.9865255355835,244 5th Ave Ste C243,General Travel,10016
243,Ovation Travel & Amex Gbt,40.751102,-73.974464,666 3rd Ave,Offices,10016
244,Skylark Travel Group,40.751232,-73.97451,666 3rd Ave Fl 4,Offices,10016
245,Downtown Travel,40.749406,-73.984737,3 W 35th St,General Travel,10016
246,Travel Clinic Of New York City,40.75162937510417,-73.9803313434754,274 Madison Ave,Alternative Healers,10016
247,Chubit Travel,40.745846,-73.986938,26 Broadway Fl 8,General Travel,10016
248,NESTER TRAVEL INC,40.74243485872075,-73.98650407791138,41 Madison Ave Fl 31,Taxis,10016
249,IACE Travel,40.752195,-73.980489,18 E 41st St Fl 3,General Travel,10016
250,Ensemble Travel Group HQ,40.75048236883272,-73.98484232195737,29 W 36th St,NA,10016
251,Picasso Travel,40.75125254006028,-73.984957103743,989 6thAve,Travel Agencies,10016
252,Travel Universally,40.751041412353516,-73.9856185913086,48 W 37th St,General Travel,10016
253,Delgado Travel,40.751902,-73.98442299999999,35 W 38th St,Transportation Services,10016
254,Quintessentially,40.749916,-73.97683,353 Lexington Ave,Travel Agencies,10016
255,Pegasus,40.750758000000005,-73.976996,370 Lexington Ave Rm 1601,Business Services,10016
256,"The Travelers Companies, Inc.",40.74828266796181,-73.97607279082175,485 Lexington Ave,Coworking Spaces,10016
257,Complete Traveller Antiquarian Bookstore,40.748024,-73.98236700000001,199 Madison Ave,Bookstores,10016
258,Passport Health NYC,40.75183922729821,-73.98635961285754,1001 Avenue of the Americas Ste 1215,Medical Centers,10016
259,Complete Traveler Rare Books,40.74846993276079,-73.98252945436204,199 Madison Ave,Bookstores,10016
260,NYC Ferry - Time Traveler (HB 123),40.743496,-73.969547,NA,Boats or Ferries,10016
261,Elite Traveler Magazine,40.75046631548314,-73.97186460797094,801 2nd Ave,Offices,10016
262,Alterations NYC Traveling Tailors,40.751323,-73.97313,211 E 43rd St Fl 7,Tailor Shops,10016
263,Country Tour & Travels,40.747809673061624,-73.98710489273071,39 W 32nd St,Travel Agencies,10016
264,Elite Traveler Magazine,40.75208120013346,-73.97396643680298,708 3rd Ave,Offices,10016
265,Traveluniversally,40.751041412353516,-73.9856185913086,48 W 37th St,Travel Agencies,10016
266,VaccationTravel,40.75204849243164,-73.96898651123047,333 E 46th St Apt 1D,Travel Agencies,10016
267,Maram Tours & Travel,40.753984,-73.971375,757 3rd Ave Fl 2031 # 20,Travel Agencies,10017
268,American Airlines Midtown Manhattan Travel Center,40.750404357910156,-73.97698211669922,360 Lexington Ave,Travel Agencies,10017
269,Travel Document Systems,40.7515507,-73.97892209999998,100 Park Ave Ste 1646,General Travel,10017
270,Ultramar Travel mgmt.,40.7563927591207,-73.97752684369019,14 E 47th St,General Travel,10017
271,Last Moment Travel Club,40.75669479370117,-73.98006439208984,21 W 46th St,Tourist Information Centers,10017
272,Paradissa Travel,40.752322,-73.973316,120 Yen PHu,Travel Agencies,10017
273,Luxury Travel by Wanda LLC,40.7524458,-73.97370529999999,708 3rd Avenue,General Travel,10017
274,Kingdom Travel And Tours Corporation,40.7538778,-73.9728313,750 3rd Ave Fl 9,Travel Agencies,10017
275,Travel Source Plus,40.75381851196289,-73.9741439819336,475 Lexington Ave,Miscellaneous Shops,10017
276,Skylark Travel Group,40.751232,-73.97451,666 3rd Ave Fl 4,Offices,10017
277,Travel Agent Magazine,40.754109,-73.971831,757 3rd Ave Fl 5,Buildings,10017
278,Ovation Travel & Amex Gbt,40.751102,-73.974464,666 3rd Ave,Offices,10017
279,Pisa Brothers Travel,40.752697999999995,-73.975851,NA,NA,10017
280,Fischer Travel Enterprises,40.75026,-73.974405,655 3rd Avenue,Offices,10017
281,BCD Travel/Omnicom,40.7498809,-73.9729626,220 E. 42nd St.,Professional & Other Places,10017
282,Journey Corp. Travel Agency,40.755324,-73.97847,NA,General Travel,10017
283,Classic Travel,40.75110837183047,-73.97962541741396,260 Madison Avenue,Travel Agencies,10017
284,Kristal Travel,40.755028,-73.979159,545 5th Ave Ste 833,Travel Agencies,10017
285,Cruise Planners - American Express Travel / Irina Porter,40.75481569016998,-73.9798092842102,521 5th Ave,General Travel,10017
286,Travel Clinic Of New York City,40.75162937510417,-73.9803313434754,274 Madison Ave,Alternative Healers,10017
287,Travel Associates,40.751076,-73.980198,269 Madison Ave,General Travel,10017
288,Travel Clinic NYC,40.751318,-73.980313,274 Madison Ave,Doctor's Offices,10017
289,IACE Travel,40.752195,-73.980489,18 E 41st St Fl 3,General Travel,10017
290,IACE Travel,40.751172,-73.98029,271 Madison Ave Ste 908,Travel Agencies,10017
291,Delgado Travel,40.750979,-73.981524,14 E 39th St,General Travel,10017
292,Schwartz Travel Services,40.75647735595703,-73.98076629638672,34 W 46th St,General Travel,10017
293,BACC Travel,40.75675765038558,-73.98051499861116,16 W 46th St,General Travel,10017
294,Casa do Brasil Travel Agency,40.7561033763152,-73.98111187659049,4W 43 St. Suite 320,General Travel,10017
295,BCD Travel,40.756347999999996,-73.98113000000001,45 W 45th St,Offices,10017
296,Pegasus,40.750758000000005,-73.976996,370 Lexington Ave Rm 1601,Business Services,10017
297,Quintessentially,40.749916,-73.97683,353 Lexington Ave,Travel Agencies,10017
298,Elite Traveler Magazine,40.75208120013346,-73.97396643680298,708 3rd Ave,Offices,10017
299,Alterations NYC Traveling Tailors,40.751323,-73.97313,211 E 43rd St Fl 7,Tailor Shops,10017
300,Journeycorp,40.7523741935634,-73.9802108196972,18 E 41st St Fl 13,Travel Agencies,10017
301,Elite Traveler Magazine,40.75046631548314,-73.97186460797094,801 2nd Ave,Offices,10017
302,VaccationTravel,40.75204849243164,-73.96898651123047,333 E 46th St Apt 1D,Travel Agencies,10017
303,Travelers,40.755877250507474,-73.97588913144348,NA,Buildings,10017
304,"The Travelers Companies, Inc.",40.74828266796181,-73.97607279082175,485 Lexington Ave,Coworking Spaces,10017
305,"TravelClick, Inc.",40.75697041652049,-73.98099566662597,55 W 46th St Fl 27,Business Services,10017
306,The Travel Inn,40.7601242,-73.9961543,515 W 42nd St,Hotels,10018
307,Budget Travel,40.75422375287519,-73.98849346265581,499 Fashion Ave Fl 18,Offices,10018
308,"Travel, Tours and Fares",40.75995403611524,-73.98773480203505,4W 43 St.  Suite 320,General Travel,10018
309,Tzell Travel Group,40.7541834,-73.9860791,​119 W 40th​ St,Travel Agencies,10018
310,CIRE Travel,40.7620791,-73.98460990000001,1633 Broadway Fl 35,Travel Agencies,10018
311,BlueOrange Travel - NYC Travel Agency,40.7620853,-73.9846163,1633 Broadway Fl 35,Travel Agencies,10018
312,NYSKY Travel,40.754913216520784,-73.99401426315308,357 W 37th St,Travel Agencies,10018
313,HotelsPro Travel Wholesaler,40.755314,-73.993501,330 W 38th St,Offices,10018
314,Travel Auto Bag,40.75782,-73.99333,264 W 40th St,NA,10018
315,RMP Travel,40.7545855,-73.99193860000003,555 8th Ave,Business Services,10018
316,IACE Travel,40.753999,-73.992402,535 8th Ave Fl 8,Travel Agencies,10018
317,New World Travel,40.75831029512206,-73.99622440338135,1040 Avenue of American,Tourist Information Centers,10018
318,Intergalactic Travel Bureau,40.753868103027344,-73.99181365966797,266 W 37th St,Performing Arts Venues,10018
319,Vip Travel Club,40.75803226004038,-73.9997737385329,NA,General Travel,10018
320,Signature Travel Network,40.751976237284666,-73.99213082916484,"1 Penn Plz, Fl 24",General Travel,10018
321,Highlight Travel,40.751865,-73.991707,225 W 34th St,Travel Agencies,10018
322,Travel Inn Luxery Swimming Pool,40.760482,-73.996033,NA,Pools,10018
323,"Envision Travel Group, Inc.",40.7512148,-73.9922255,"1 Pennsylvania Plaza, Suite 3600",Travel Agencies,10018
324,Business World Travel,40.75351532515499,-73.98873567581177,262 W 38th St Rm 1001,Travel Agencies,10018
325,Chanteclair Travel,40.75197110866619,-73.98903608322144,152 W 36th St Rm 805,General Travel,10018
326,Travel Agency,40.750594,-73.998808,224 W 30th St,NA,10018
327,Imperial Travel,40.74993919022358,-73.99253368377686,NA,Moving Targets,10018
328,USA Royalty Travel INC,40.7514486,-73.9891093,147 W 35th St #506,Travel Agencies,10018
329,GotoBus.com by Eastern Travel,40.75032,-73.990999,7 Avenue A,Bus Stops,10018
330,American Express Global Business Travel,40.75594082420385,-73.98663291000051,7 Times Sq,Offices,10018
331,Michele Travels,40.749759674072266,-73.9869613647461,45 W 34th St,General Travel,10018
332,Titan Travel - Travel Company New York | Travel Deals USA,40.75125503540039,-73.98861694335938,"131 West 35th St, 8th Fl, New York, NY 10001",Travel Agencies,10018
333,Travel Savvy,40.751095,-73.988803,147 W 35th St,Offices,10018
334,Travel Leaders Technology,40.753943,-73.98601,119 W 40th St,Buildings,10018
335,Alpha International Travel,40.75402069091797,-73.98590087890625,119 W 40th St Fl 12,Travel Agencies,10018
336,Inspo Travel,40.7551234,-73.9854633,"130 West 42nd St, Suite 401",NA,10018
337,Shermans Travel HQ,40.749814290676305,-73.98886593487453,112 W 34th St,Tech Startups,10018
338,Travel Traders,40.758473933859996,-73.98556544606153,"1535 Broadway, 8th Floors",Gift Shops,10018
339,New World Travel,40.753027572777626,-73.9854870120816,NA,Offices,10018
340,Euro lloyd travel group,40.75223517022994,-73.9849800600919,57 38st,Offices,10018
341,Travel Universally,40.751041412353516,-73.9856185913086,48 W 37th St,General Travel,10018
342,H & S Travel & Tours,40.75252151489258,-73.98426055908203,37 W 39th St Rm 1003,General Travel,10018
343,Travel 2.0 Meetup,40.761012,-73.985559,NA,General Entertainment,10018
344,Picasso Travel,40.75125254006028,-73.984957103743,989 6thAve,Travel Agencies,10018
345,Delgado Travel,40.751902,-73.98442299999999,35 W 38th St,Transportation Services,10018
346,Atlas Travel Solutions,40.759475,-73.984092,NA,Tourist Information Centers,10018
347,Travel + Leisure,40.75607080141273,-73.9828539492645,1120 Avenue of the Americas,General Travel,10018
348,Ensemble Travel Group HQ,40.75048236883272,-73.98484232195737,29 W 36th St,NA,10018
349,"Travel, Tours & Fares",40.75765036318693,-73.98282215130382,4W 43 St. Suite 320,General Travel,10018
350,Downtown Travel,40.749406,-73.984737,3 W 35th St,General Travel,10018
351,Stealth Travel,40.760627,-73.983186,NA,Corporate Cafeterias,10018
352,Asahi Travel Group,40.74922698811379,-73.9837484434247,545 5th Ave,Tour Providers,10018
353,Schwartz Luggage Storage NYC,40.754440080925114,-73.99469247492767,357 w 37th St Ground Floor,General Travel,10018
354,Accomplished Traveler,40.75526415169696,-73.99364852853084,"330 W 38h St, Manhattan, NY 10018",General Travel,10018
355,Eastern Bus - 7th Ave and 34th Street,40.75063322617362,-73.9910741737232,340 7th Avenue,Bus Lines,10018
356,BlueOrange Travel - NYC Travel Agency,40.7620853,-73.9846163,1633 Broadway Fl 35,Travel Agencies,10019
357,CIRE Travel,40.7620791,-73.98460990000001,1633 Broadway Fl 35,Travel Agencies,10019
358,"Travel, Tours and Fares",40.75995403611524,-73.98773480203505,4W 43 St.  Suite 320,General Travel,10019
359,The Travel Inn,40.7601242,-73.9961543,515 W 42nd St,Hotels,10019
360,Roberta Sonnino Travel Inc. (ALTOUR),40.760128021240234,-73.98001861572266,1270 Avenue of the Americas Fl 4,General Travel,10019
361,RMP Travel,40.76357395562221,-73.98846365422825,355 W 52nd St,Offices,10019
362,modhop.com Travel Cave,40.76744843354449,-73.99136181863277,NA,Offices,10019
363,modhop Travel Cave,40.76776123046875,-73.99127960205078,NA,Tech Startups,10019
364,International Travel Health Consultants,40.76615524291992,-73.98416137695312,"310 W. 56th. St., #1 C/D",Doctor's Offices,10019
365,Gwe Travel,40.76364616666539,-73.98448649798601,60 E 42nd St Ste 1352,General Travel,10019
366,Fodor's Travel,40.767352122907376,-73.98258684595439,1745 Broadway,Travel Agencies,10019
367,Travel Money USA Broadway,40.763636,-73.982969,1691 Broadway,Financial or Legal Services,10019
368,Travel 2.0 Meetup,40.761012,-73.985559,NA,General Entertainment,10019
369,Stealth Travel,40.760627,-73.983186,NA,Corporate Cafeterias,10019
370,Atlas Travel Solutions,40.759475,-73.984092,NA,Tourist Information Centers,10019
371,Travel Inn Luxery Swimming Pool,40.760482,-73.996033,NA,Pools,10019
372,New Wave Travel Magazine,40.75977309846517,-73.98098945617674,1221 Avenue of the Americas,General Entertainment,10019
373,Travel Worldwide Cheap,40.76035821078918,-73.98008823394775,1271 Avenue of the Americas Ste 4300,Travel Agencies,10019
374,Fairouz Travel Inc,40.7625614,-73.9777983,1350 Ave Of The Americas Suite 313,Travel Agencies,10019
375,Venture,40.7668837,-73.9822441,3 Columbus Cir Fl 15,General Travel,10019
376,SpeetyTravels.Com,40.7620718,-73.98883639999997,353 W 48th St Fl 4,Hotels,10019
377,Puerto Rican Traveling Theatre,40.760685058108606,-73.98799322584604,304 W 47th St,Indie Theaters,10019
378,Travelers Patron Lounge,40.772122,-73.983772,20 Lincoln Center Plz,Theaters,10019
379,Travelex Currency Services,40.75944137573242,-73.98487854003906,1578 Broadway,Currency Exchanges,10019
380,VIP Traveler,40.76472810557294,-73.97865124046803,140 W 57th St,Travel Agencies,10019
381,Travelzoo,40.76245543571085,-73.97348432528374,590 Madison Ave Fl 37,Offices,10019
382,Roberta Sonnino Travel Inc. (ALTOUR),40.760128021240234,-73.98001861572266,1270 Avenue of the Americas Fl 4,General Travel,10020
383,New Wave Travel Magazine,40.75977309846517,-73.98098945617674,1221 Avenue of the Americas,General Entertainment,10020
384,Turkey Tours - Travel Services for Greece and Egypt,40.7583,-73.9808,64 W 48th St Ste 1103,NA,10020
385,Travel Worldwide Cheap,40.76035821078918,-73.98008823394775,1271 Avenue of the Americas Ste 4300,Travel Agencies,10020
386,"Travel, Tours & Fares",40.75765036318693,-73.98282215130382,4W 43 St. Suite 320,General Travel,10020
387,Stealth Travel,40.760627,-73.983186,NA,Corporate Cafeterias,10020
388,Solstice Travel Vacations,40.758304595947266,-73.96788024902344,"909 3rd Ave, #7563",General Travel,10021
389,Weill Cornell Travel Medicine,40.76490020751953,-73.95552062988281,450 E 69th St,Doctor's Offices,10021
390,Travel + Leisure's Global Bazaar,40.767250061035156,-73.96554565429688,643 Park Ave,Arts & Entertainment,10021
391,So Fine Travel,40.76233573257923,-73.96315008401871,1173A 2nd Ave #190,Travel Agencies,10021
392,Travel Health Services,40.769206,-73.965921,50 E 69th St,Doctor's Offices,10021
393,Lanciani Travel Jewelry,40.772743225097656,-73.96495056152344,922 Madison Ave,Jewelry Stores,10021
394,Zahid International Travels,40.75964307280483,-73.96165609359741,"New York, NY 10001",Miscellaneous Shops,10021
395,Yellow Bike Travels,40.75924301147461,-73.95995330810547,NA,Moving Targets,10021
396,Solstice Travel Vacations,40.758304595947266,-73.96788024902344,"909 3rd Ave, #7563",General Travel,10022
397,Maram Tours & Travel,40.753984,-73.971375,757 3rd Ave Fl 2031 # 20,Travel Agencies,10022
398,Ultramar Travel mgmt.,40.7563927591207,-73.97752684369019,14 E 47th St,General Travel,10022
399,Liberty Travel,40.760973,-73.968572,143 E 57th St,Travel Agencies,10022
400,The New York Center for Travel and Tropical Medicine,40.7598734,-73.9712088,110 E 55th St Fl 16,Medical Centers,10022
401,American Express Travel Services,40.75948054037175,-73.97266387939453,374 Park Ave,Travel Agencies,10022
402,SPE Travel,40.761232,-73.972947,550 Madison Ave Fl 8,Buildings,10022
403,Travel Agent Magazine,40.754109,-73.971831,757 3rd Ave Fl 5,Buildings,10022
404,The Travel House,40.76244354248047,-73.9718246459961,599 Madison Ave,Travel Agencies,10022
405,Kingdom Travel And Tours Corporation,40.7538778,-73.9728313,750 3rd Ave Fl 9,Travel Agencies,10022
406,So Fine Travel,40.76233573257923,-73.96315008401871,1173A 2nd Ave #190,Travel Agencies,10022
407,Travel Source Plus,40.75381851196289,-73.9741439819336,475 Lexington Ave,Miscellaneous Shops,10022
408,Paradissa Travel,40.752322,-73.973316,120 Yen PHu,Travel Agencies,10022
409,Luxury Travel by Wanda LLC,40.7524458,-73.97370529999999,708 3rd Avenue,General Travel,10022
410,Pisa Brothers Travel,40.752697999999995,-73.975851,NA,NA,10022
411,FROSCH,40.758803488315685,-73.96862517418803,909 Third Ave,Buildings,10022
412,Rupert the traveling hot spot,40.760639,-73.96914,NA,NA,10022
413,Zahid International Travels,40.75964307280483,-73.96165609359741,"New York, NY 10001",Miscellaneous Shops,10022
414,Traveler's Medical Service,40.76283012232359,-73.97192893345981,595 Madison Ave,Medical Centers,10022
415,Travelzoo,40.76245543571085,-73.97348432528374,590 Madison Ave Fl 37,Offices,10022
416,VaccationTravel,40.75204849243164,-73.96898651123047,333 E 46th St Apt 1D,Travel Agencies,10022
417,Yellow Bike Travels,40.75924301147461,-73.95995330810547,NA,Moving Targets,10022
418,Travelers,40.755877250507474,-73.97588913144348,NA,Buildings,10022
419,Elite Traveler Magazine,40.75208120013346,-73.97396643680298,708 3rd Ave,Offices,10022
420,Seven Hills Travel,40.77493559652291,-73.9820408821106,1991 Broadway,NA,10023
421,One World Communicates & Travel,40.77472435289935,-73.98201942443848,NA,Travel Agencies,10023
422,Liberty travel 2047 broadway,40.777536,-73.98194,2047B Broadway,NA,10023
423,Walt Disney Corporate Travel,40.776191622527634,-73.987626588654,NA,Offices,10023
424,Eat-Write- Travel,40.78219985961914,-73.98357391357422,311 W 75th St Apt 2A,General Colleges & Universities,10023
425,Innovation Luggage and Travelware,40.776146999999995,-73.982795,2001 Broadway,Gift Shops,10023
426,Travelers Patron Lounge,40.772122,-73.983772,20 Lincoln Center Plz,Theaters,10023
427,Island Travel Specialists,40.786507,-73.976837,208 W 84th St,General Travel,10024
428,Cook Travel,40.783361,-73.97514749999999,108 W 81st St,Travel Agencies,10024
429,Bambi Jones Travel,40.79288864135742,-73.9709243774414,711 Amsterdam Ave Apt 10D,General Travel,10024
430,Liberty Travel,40.78564438624774,-73.97867270008311,2144 Broadway,Travel Agencies,10024
431,Eat-Write- Travel,40.78219985961914,-73.98357391357422,311 W 75th St Apt 2A,General Colleges & Universities,10024
432,Traveling Rings,40.80258323744255,-73.97222316109459,NA,Other Great Outdoors,10024
433,Travelex Currency Services,40.79104303026586,-73.97308830420383,JFK Access Road,Currency Exchanges,10024
434,Bambi Jones Travel,40.79288864135742,-73.9709243774414,711 Amsterdam Ave Apt 10D,General Travel,10025
435,Traveling Rings,40.80258323744255,-73.97222316109459,NA,Other Great Outdoors,10025
436,Travelex Currency Services,40.79104303026586,-73.97308830420383,JFK Access Road,Currency Exchanges,10025
437,BxM7 bus traveling on 5th Ave,40.79975474522557,-73.94759775788835,NA,General Travel,10026
438,jp travel with pazaaz,40.8124656,-73.9563493,1315 Amsterdam Ave,Taxis,10027
439,MOMA Travel Services,40.8195915222168,-73.95219421386719,1536 Amsterdam Ave,General Travel,10027
440,D And J's Travel Agency,40.821760999999995,-73.95053100000001,1608 Amsterdam Ave,Travel Agencies,10027
441,Travel Medicine Consultations,40.7782225,-73.9549804,"178 East 85th Street, Third Floor",Medical Centers,10028
442,TravelSort,40.780613,-73.946407,408 E 92nd St,NA,10028
443,Delgado Travel,40.798499,-73.940577,171 E 116th St,General Travel,10029
444,Empress Travel,40.782631,-73.95361199999999,1374 Lexington Ave,NA,10029
445,Veteran Traveller Office,40.79197911810956,-73.94970417022705,U.S.A,Offices,10029
446,BxM7 bus traveling on 5th Ave,40.79975474522557,-73.94759775788835,NA,General Travel,10029
447,Sunline Travel Inc.,40.824283599853516,-73.94879913330078,142 Hamilton Pl,Travel Agencies,10031
448,D And J's Travel Agency,40.821760999999995,-73.95053100000001,1608 Amsterdam Ave,Travel Agencies,10031
449,MOMA Travel Services,40.8195915222168,-73.95219421386719,1536 Amsterdam Ave,General Travel,10031
450,Travelers Rest Baptist Church,40.823218,-73.949466,1650 Amsterdam Ave,Churches,10031
451,Valle Verde Travel,40.83741572331248,-73.94223059630244,NA,General Travel,10032
452,Turissa Travel Inc,40.841465,-73.936131,2224 Amsterdam Ave,Offices,10032
453,Balbuena Business Travel,40.84502218,-73.93864135999999,4116 Broadway,Paper / Office Supplies Stores,10032
454,Delgado Travel,40.848216,-73.938164,4229 Broadway,General Travel,10032
455,Atlas Travel Group,40.849839,-73.93551500000001,4250 Broadway,Travel & Transport,10032
456,American Worldwide Travel,40.85029983520508,-73.93675994873047,714 W 181st St,General Travel,10032
457,Don Quixote Travel Agency,40.85039520263672,-73.93705749511719,720 W 181st St,Travel Agencies,10032
458,Traveling,40.847942,-73.935482,1520 Sedgwick Ave,NA,10032
459,Rivas Travel & Multi Services,40.852265,-73.934917,4321 Broadway,Travel Agencies,10033
460,Atlas Travel Group,40.849839,-73.93551500000001,4250 Broadway,Travel & Transport,10033
461,American Worldwide Travel,40.85029983520508,-73.93675994873047,714 W 181st St,General Travel,10033
462,Don Quixote Travel Agency,40.85039520263672,-73.93705749511719,720 W 181st St,Travel Agencies,10033
463,Delgado Travel,40.848216,-73.938164,4229 Broadway,General Travel,10033
464,Balbuena Business Travel,40.84502218,-73.93864135999999,4116 Broadway,Paper / Office Supplies Stores,10033
465,joselito travel,40.860820000000004,-73.926056,143 Nagle Ave,General Travel,10033
466,Acme,40.85116195678711,-73.93869018554688,125 18th st,Business Services,10033
467,Traveling,40.847942,-73.935482,1520 Sedgwick Ave,NA,10033
468,Rivas Travel & Multi Services,40.852265,-73.934917,4321 Broadway,Travel Agencies,10034
469,Tony's Travel,40.865047454833984,-73.92782592773438,4728 Broadway,Travel Lounges,10034
470,joselito travel,40.860820000000004,-73.926056,143 Nagle Ave,General Travel,10034
471,Elvin Travel Agency,40.865051,-73.918923,148 Post Ave,Travel Agencies,10034
472,American Worldwide Travel,40.85029983520508,-73.93675994873047,714 W 181st St,General Travel,10034
473,Don Quixote Travel Agency,40.85039520263672,-73.93705749511719,720 W 181st St,Travel Agencies,10034
474,Atlas Travel Group,40.849839,-73.93551500000001,4250 Broadway,Travel & Transport,10034
475,All Over Travel,40.874414,-73.91144561767578,5025 Broadway,Offices,10034
476,Acme,40.85116195678711,-73.93869018554688,125 18th st,Business Services,10034
477,Delgado Travel,40.798499,-73.940577,171 E 116th St,General Travel,10035
478,Nick Lugo Worldwide Travel,40.807757,-73.920345,486 E 138th St,Travel Agencies,10035
479,Delgado Travel,40.806906282433026,-73.91773493565206,546 E 138th St Frnt 1,Travel Agencies,10035
480,"Travel, Tours and Fares",40.75995403611524,-73.98773480203505,4W 43 St.  Suite 320,General Travel,10036
481,Budget Travel,40.75422375287519,-73.98849346265581,499 Fashion Ave Fl 18,Offices,10036
482,The Travel Inn,40.7601242,-73.9961543,515 W 42nd St,Hotels,10036
483,CIRE Travel,40.7620791,-73.98460990000001,1633 Broadway Fl 35,Travel Agencies,10036
484,BlueOrange Travel - NYC Travel Agency,40.7620853,-73.9846163,1633 Broadway Fl 35,Travel Agencies,10036
485,Tzell Travel Group,40.7541834,-73.9860791,​119 W 40th​ St,Travel Agencies,10036
486,Roberta Sonnino Travel Inc. (ALTOUR),40.760128021240234,-73.98001861572266,1270 Avenue of the Americas Fl 4,General Travel,10036
487,Last Moment Travel Club,40.75669479370117,-73.98006439208984,21 W 46th St,Tourist Information Centers,10036
488,Travel Auto Bag,40.75782,-73.99333,264 W 40th St,NA,10036
489,Travel Traders,40.758473933859996,-73.98556544606153,"1535 Broadway, 8th Floors",Gift Shops,10036
490,American Express Global Business Travel,40.75594082420385,-73.98663291000051,7 Times Sq,Offices,10036
491,Travel 2.0 Meetup,40.761012,-73.985559,NA,General Entertainment,10036
492,Atlas Travel Solutions,40.759475,-73.984092,NA,Tourist Information Centers,10036
493,HotelsPro Travel Wholesaler,40.755314,-73.993501,330 W 38th St,Offices,10036
494,RMP Travel,40.7545855,-73.99193860000003,555 8th Ave,Business Services,10036
495,New World Travel,40.75831029512206,-73.99622440338135,1040 Avenue of American,Tourist Information Centers,10036
496,RMP Travel,40.76357395562221,-73.98846365422825,355 W 52nd St,Offices,10036
497,Travel Inn Luxery Swimming Pool,40.760482,-73.996033,NA,Pools,10036
498,NYSKY Travel,40.754913216520784,-73.99401426315308,357 W 37th St,Travel Agencies,10036
499,Inspo Travel,40.7551234,-73.9854633,"130 West 42nd St, Suite 401",NA,10036
500,Intergalactic Travel Bureau,40.753868103027344,-73.99181365966797,266 W 37th St,Performing Arts Venues,10036
501,IACE Travel,40.753999,-73.992402,535 8th Ave Fl 8,Travel Agencies,10036
502,Stealth Travel,40.760627,-73.983186,NA,Corporate Cafeterias,10036
503,Business World Travel,40.75351532515499,-73.98873567581177,262 W 38th St Rm 1001,Travel Agencies,10036
504,"Travel, Tours & Fares",40.75765036318693,-73.98282215130382,4W 43 St. Suite 320,General Travel,10036
505,Alpha International Travel,40.75402069091797,-73.98590087890625,119 W 40th St Fl 12,Travel Agencies,10036
506,Travel Leaders Technology,40.753943,-73.98601,119 W 40th St,Buildings,10036
507,Travel + Leisure,40.75607080141273,-73.9828539492645,1120 Avenue of the Americas,General Travel,10036
508,Gwe Travel,40.76364616666539,-73.98448649798601,60 E 42nd St Ste 1352,General Travel,10036
509,New World Travel,40.753027572777626,-73.9854870120816,NA,Offices,10036
510,New Wave Travel Magazine,40.75977309846517,-73.98098945617674,1221 Avenue of the Americas,General Entertainment,10036
511,Turkey Tours - Travel Services for Greece and Egypt,40.7583,-73.9808,64 W 48th St Ste 1103,NA,10036
512,Travel Money USA Broadway,40.763636,-73.982969,1691 Broadway,Financial or Legal Services,10036
513,BCD Travel,40.756347999999996,-73.98113000000001,45 W 45th St,Offices,10036
514,Casa do Brasil Travel Agency,40.7561033763152,-73.98111187659049,4W 43 St. Suite 320,General Travel,10036
515,Schwartz Travel Services,40.75647735595703,-73.98076629638672,34 W 46th St,General Travel,10036
516,BACC Travel,40.75675765038558,-73.98051499861116,16 W 46th St,General Travel,10036
517,Vip Travel Club,40.75803226004038,-73.9997737385329,NA,General Travel,10036
518,Travel Worldwide Cheap,40.76035821078918,-73.98008823394775,1271 Avenue of the Americas Ste 4300,Travel Agencies,10036
519,Euro lloyd travel group,40.75223517022994,-73.9849800600919,57 38st,Offices,10036
520,H & S Travel & Tours,40.75252151489258,-73.98426055908203,37 W 39th St Rm 1003,General Travel,10036
521,Cruise Planners - American Express Travel / Irina Porter,40.75481569016998,-73.9798092842102,521 5th Ave,General Travel,10036
522,Kristal Travel,40.755028,-73.979159,545 5th Ave Ste 833,Travel Agencies,10036
523,Journey Corp. Travel Agency,40.755324,-73.97847,NA,General Travel,10036
524,Schwartz Luggage Storage NYC,40.754440080925114,-73.99469247492767,357 w 37th St Ground Floor,General Travel,10036
525,Puerto Rican Traveling Theatre,40.760685058108606,-73.98799322584604,304 W 47th St,Indie Theaters,10036
526,SpeetyTravels.Com,40.7620718,-73.98883639999997,353 W 48th St Fl 4,Hotels,10036
527,Travelex Currency Services,40.75944137573242,-73.98487854003906,1578 Broadway,Currency Exchanges,10036
528,CN Traveler,40.756611481698464,-73.9857089227426,4 Times Sq,NA,10036
529,Accomplished Traveler,40.75526415169696,-73.99364852853084,"330 W 38h St, Manhattan, NY 10018",General Travel,10036
530,Pamo Executive Travel,40.81606,-73.934798,2333 5th Ave,Transportation Services,10037
531,Royalty Travel,40.707631,-74.007472,75 Maiden Ln Rm 803,General Travel,10038
532,Great Wall Travel,40.71206099797075,-73.99578988552094,94 Madison St,Travel Agencies,10038
533,East Travel Service,40.713595641061744,-73.99837462139024,2 Mott St,General Travel,10038
534,Travel Squire,40.71017424838853,-74.00970250368118,15 Maiden Ln Ste 1001,Hostels,10038
535,Bob Batter Travel Agency,40.7061882019043,-74.00999450683594,45 Wall St,Miscellaneous Shops,10038
536,empire travel agency,40.704379,-74.009012,10 Hanover Sq,Transportation Services,10038
537,Travel Agency,40.70657228240375,-74.01027628647813,NA,Offices,10038
538,Happy Travel Inc,40.713631,-73.995304,56 E Broadway,Travel Agencies,10038
539,Sarah's Travel Inc.,40.71399688720703,-73.99533081054688,45 Division St #3FL,Tourist Information Centers,10038
540,Lucas Stoffel Travel Influencer,40.7035612,-74.0101793,42 Water St,Photography Studios,10038
541,Tennessee Travel,40.713355,-73.992144,19 Pike St,Bus Stations,10038
542,Focus Travel Agency,40.71399132576555,-73.99248384288157,120 E Broadway,Bus Stations,10038
543,Veteran Traveller Hospital,40.70823051511181,-74.00193214416504,New York,Medical Centers,10038
544,Veteran Traveller University,40.707287092735534,-74.00270462036133,New York,College Quads,10038
545,Jade Travels Suite 308,40.71126772118718,-74.00146774824516,NA,Doctor's Offices,10038
546,Traveling NYC Style,40.70509519531675,-74.00759233663848,99 Wall St,Tour Providers,10038
547,Travelnista On The Move LLC.,40.704281,-74.0082994,165 Broadway 23rd Floor,Business Services,10038
548,"Jade Travels Suite 706 David Cheng, D.D.S.",40.71410126049783,-73.99754824880391,NA,Dentist's Offices,10038
549,ShermansTravel,40.7053042766687,-74.00942988103468,5 Hanover Sq,Offices,10038
550,TravelSquire.com Offices,40.70838313762132,-74.01037957637672,15 Maiden Ln,General Travel,10038
551,Travelex Currency Services,40.712154388427734,-74.00981903076172,30 Vesey St,Currency Exchanges,10038
552,Valle Verde Travel,40.83741572331248,-73.94223059630244,NA,General Travel,10039
553,Turissa Travel Inc,40.841465,-73.936131,2224 Amsterdam Ave,Offices,10039
554,Balbuena Business Travel,40.84502218,-73.93864135999999,4116 Broadway,Paper / Office Supplies Stores,10039
555,Rivas Travel & Multi Services,40.852265,-73.934917,4321 Broadway,Travel Agencies,10040
556,joselito travel,40.860820000000004,-73.926056,143 Nagle Ave,General Travel,10040
557,Tony's Travel,40.865047454833984,-73.92782592773438,4728 Broadway,Travel Lounges,10040
558,Weill Cornell Travel Medicine,40.76490020751953,-73.95552062988281,450 E 69th St,Doctor's Offices,10044
559,Yellow Bike Travels,40.75924301147461,-73.95995330810547,NA,Moving Targets,10044
560,Yellow Bike Travels,40.75420379638672,-73.94715881347656,NA,Other Great Outdoors,10044
561,So Fine Travel,40.76233573257923,-73.96315008401871,1173A 2nd Ave #190,Travel Agencies,10065
562,Travel + Leisure's Global Bazaar,40.767250061035156,-73.96554565429688,643 Park Ave,Arts & Entertainment,10065
563,Travel Health Services,40.769206,-73.965921,50 E 69th St,Doctor's Offices,10065
564,Weill Cornell Travel Medicine,40.76490020751953,-73.95552062988281,450 E 69th St,Doctor's Offices,10065
565,Liberty Travel,40.760973,-73.968572,143 E 57th St,Travel Agencies,10065
566,The Travel House,40.76244354248047,-73.9718246459961,599 Madison Ave,Travel Agencies,10065
567,The New York Center for Travel and Tropical Medicine,40.7598734,-73.9712088,110 E 55th St Fl 16,Medical Centers,10065
568,Zahid International Travels,40.75964307280483,-73.96165609359741,"New York, NY 10001",Miscellaneous Shops,10065
569,Rupert the traveling hot spot,40.760639,-73.96914,NA,NA,10065
570,Traveler's Medical Service,40.76283012232359,-73.97192893345981,595 Madison Ave,Medical Centers,10065
571,Walt Disney Corporate Travel,40.776191622527634,-73.987626588654,NA,Offices,10069
572,Lanciani Travel Jewelry,40.772743225097656,-73.96495056152344,922 Madison Ave,Jewelry Stores,10075
573,TravelMD,40.77510452270508,-73.96469116210938,952 5th Ave Apt 1D,Doctor's Offices,10075
574,Imperial Travel,40.74993919022358,-73.99253368377686,NA,Moving Targets,10119
575,"Envision Travel Group, Inc.",40.7512148,-73.9922255,"1 Pennsylvania Plaza, Suite 3600",Travel Agencies,10119
576,Travel Medicine Consultations,40.7782225,-73.9549804,"178 East 85th Street, Third Floor",Medical Centers,10128
577,Empress Travel,40.782631,-73.95361199999999,1374 Lexington Ave,NA,10128
578,TravelSort,40.780613,-73.946407,408 E 92nd St,NA,10128
579,Travel Document Systems,40.7515507,-73.97892209999998,100 Park Ave Ste 1646,General Travel,10165
580,Pisa Brothers Travel,40.752697999999995,-73.975851,NA,NA,10170
581,Skylark Travel Group,40.751232,-73.97451,666 3rd Ave Fl 4,Offices,10174
582,Ovation Travel & Amex Gbt,40.751102,-73.974464,666 3rd Ave,Offices,10174
583,Elite Traveler Magazine,40.75208120013346,-73.97396643680298,708 3rd Ave,Offices,10174
584,Travel Agency,40.750594,-73.998808,224 W 30th St,NA,10199
585,TravelSquire.com Offices,40.70838313762132,-74.01037957637672,15 Maiden Ln,General Travel,10271
586,American Express Travel Services,40.713352888300584,-74.01585352352586,200 Vesey St,Offices,10280
587,Complete Travel Visa Center,40.708548,-74.014712,40 Rector St Rm 1502,Travel Agencies,10280
588,TravelPaperplane.com,40.70243964288751,-74.01476383209229,NA,General Travel,10280
